WORK_ID,STATE_NAME,CONSTITUENCY,MP_NAME,WORK_CATEGORY,ACTIVITY_NAME,SANCTION_AMOUNT,ACTUAL_AMOUNT,TOTAL_FUND_DISBURSED_AMT,PAYMENT_COUNT,UNIQUE_VENDOR_COUNT,PEER_COUNT,PEER_MEDIAN_SANCTION,SANCTION_TO_PEER_MEDIAN,SANCTION_PEER_Z_SCORE,DATA_COMPLETENESS_RATIO,IF_RAW_SCORE,IF_DECISION_SCORE,ML_PERCENTILE,ML_ANOMALY_STRENGTH,ML_SEVERITY,RULE_AGREEMENT,STATISTICAL_AGREEMENT,DETECTOR_AGREEMENT_COUNT
209175,Punjab,FATEHGARH SAHIB(SC),Shri Amar Singh,Normal/Others,WS/MP380/2025-2026/209175-Providing supply pipelines for drinking water,1000000.0,279898.0,279898.0,7.0,2.0,1,1000000.0,1.0,,0.9090909090909092,-0.7419269827508549,-0.2101488754912791,100.0,0.7419269827508549,HIGH,True,True,3
227474,Rajasthan,AJMER,Bhagirath Chaudhary,Normal/Others,WS/MP719/2025-2026/227474-Construction of community centers and community halls,495140.0,494567.0,494567.0,14.0,14.0,1,495140.0,1.0,,1.0,-0.7353071546712244,-0.2035290474116486,99.99904321784972,0.7353071546712244,HIGH,True,True,3
193991,Uttar Pradesh,ALLAHABAD,UJJWAL RAMAN SINGH,Repair and Renovation,"WS/MP18198/2025-2026/193991-Construction of roads, link roads, pathways or any other road with or without drainage system",9860000.0,9531269.0,9531269.0,18.0,9.0,1,9860000.0,1.0,,0.9090909090909092,-0.7283746433089036,-0.1965965360493278,99.99808643569943,0.7283746433089036,HIGH,True,True,3
185393,Jammu And Kashmir,SRINAGAR,AGA SYED RUHULLAH MEHDI,Normal/Others,WS/MP18260/2025-2026/185393-Improvement of electricity distribution infrastructure,569000.0,400186.0,400186.0,1.0,1.0,1,569000.0,1.0,,1.0,-0.7254038945318927,-0.1936257872723169,99.9971296535492,0.7254038945318927,HIGH,True,False,2
164693,Rajasthan,JALORE,LUMBARAM,Normal/Others,WS/MP18166/2024-2025/164693-Construction of footpaths and pedestrian ways,995453.0,995453.0,995453.0,15.0,15.0,1,995453.0,1.0,,1.0,-0.7247553704349248,-0.192977263175349,99.99617287139893,0.7247553704349248,HIGH,True,True,3
214766,Uttar Pradesh,ALLAHABAD,UJJWAL RAMAN SINGH,Normal/Others,"WS/MP18198/2025-2026/214766-Construction of roads, link roads, pathways or any other road with or without drainage system",16757000.0,,15862312.0,22.0,11.0,1,16757000.0,1.0,,0.8181818181818181,-0.719883647130934,-0.1881055398713582,99.99521608924864,0.719883647130934,HIGH,True,True,3
187436,Rajasthan,BHILWARA,DAMODAR AGARWAL,Normal/Others,WS/MP18162/2025-2026/187436-Construction of community centers and community halls,500000.0,83750.0,83750.0,8.0,8.0,1,500000.0,1.0,,0.9090909090909092,-0.7192061019429974,-0.1874279946834216,99.99425930709836,0.7192061019429974,HIGH,True,True,3
176199,Rajasthan,ALWAR,BHUPENDER YADAV,Normal/Others,WS/MP18159/2025-2026/176199-Purchase of vehicles for mobile libraries,5800000.0,5729600.0,5729600.0,2.0,2.0,1,5800000.0,1.0,,1.0,-0.7190530115204062,-0.1872749042608305,99.99330252494808,0.7190530115204062,HIGH,False,False,1
143387,Tamil Nadu,THANJAVUR,MURASOLI S,Normal/Others,WS/MP18183/2024-2025/143387-Construction of public libraries and reading rooms,4980095.0,4980095.0,4980095.0,3.0,3.0,1,4980095.0,1.0,,1.0,-0.7127151131567651,-0.1809370058971893,99.99234574279782,0.7127151131567651,HIGH,True,True,3
254284,Uttar Pradesh,ALLAHABAD,UJJWAL RAMAN SINGH,Normal/Others,"WS/MP18198/2025-2026/254284-Construction of roads, link roads, pathways or any other road with or without drainage system",9900000.0,,4419874.0,6.0,5.0,1,9900000.0,1.0,,0.8181818181818181,-0.7087954429450671,-0.1770173356854913,99.99138896064755,0.7087954429450671,HIGH,True,False,2
149089,Tamil Nadu,CHENNAI SOUTH,T Sumathy (A) Thamizhachi Thangapandian,Normal/Others,"WS/MP459/2025-2026/149089-Construction of rooms and facilities for hospitals, FWC , PHC Centers and ANM centers",12000000.0,10478968.0,10478968.0,3.0,1.0,1,12000000.0,1.0,,0.9090909090909092,-0.707240090562207,-0.1754619833026313,99.99043217849729,0.707240090562207,HIGH,False,False,1
220987,Punjab,SANGRUR,GURMEET SINGH MEET HAYER,Normal/Others,"WS/MP18314/2025-2026/220987-Construction of roads, link roads, pathways or any other road with or without drainage system",990000.0,889648.0,889648.0,20.0,5.0,1,990000.0,1.0,,0.9090909090909092,-0.7063242663274939,-0.1745461590679181,99.989475396347,0.7063242663274939,HIGH,True,True,3
198279,Telangana,NAGARKURNOOL(SC),DR.MALLU RAVI,Normal/Others,WS/MP18192/2025-2026/198279-Construction of rooms and halls in school and colleges,10000000.0,2966883.0,2966883.0,1.0,1.0,1,10000000.0,1.0,,0.9090909090909092,-0.702240932441701,-0.1704628251821253,99.98851861419674,0.702240932441701,HIGH,False,False,1
150128,West Bengal,BARDHAMAN PURBA(SC),DR. SHARMILA SARKAR,Normal/Others,WS/MP18248/2024-2025/150128-Construction of community centers and community halls,3000000.0,2444263.0,2444263.0,3.0,1.0,1,3000000.0,1.0,,0.9090909090909092,-0.7007903181300109,-0.1690122108704351,99.98756183204644,0.7007903181300109,HIGH,False,False,1
178543,Rajasthan,BHILWARA,DAMODAR AGARWAL,Normal/Others,WS/MP18162/2025-2026/178543-Construction of community centers and community halls,500000.0,491529.0,491529.0,11.0,10.0,1,500000.0,1.0,,0.9090909090909092,-0.7006731991265196,-0.1688950918669438,99.9866050498962,0.7006731991265196,HIGH,True,True,3
199528,Delhi,WEST DELHI,Kamaljeet Sehrawat,Normal/Others,WS/MP18400/2025-2026/199528-Installation of multi-gym equipment,421700.0,410002.0,410002.0,2.0,1.0,1,421700.0,1.0,,1.0,-0.6998752107732408,-0.168097103513665,99.98564826774592,0.6998752107732408,HIGH,True,False,2
186128,Rajasthan,BHILWARA,DAMODAR AGARWAL,Normal/Others,"WS/MP18162/2025-2026/186128-Construction of roads, link roads, pathways or any other road with or without drainage system",500000.0,,490910.0,21.0,13.0,1,500000.0,1.0,,0.8181818181818181,-0.6979283975695898,-0.166150290310014,99.98469148559565,0.6979283975695898,HIGH,True,True,3
227278,Haryana,SONEPAT,SATPAL BRAHAMCHARI,Normal/Others,WS/MP18067/2025-2026/227278-Construction of community centers and community halls,491759.0,328185.0,328185.0,3.0,3.0,1,491759.0,1.0,,1.0,-0.6962694579616768,-0.164491350702101,99.98373470344536,0.6962694579616768,HIGH,False,False,1
145799,Rajasthan,ALWAR,BHUPENDER YADAV,Normal/Others,WS/MP18159/2024-2025/145799-Construction of public libraries and reading rooms,1200000.0,872625.0,872625.0,2.0,2.0,1,1200000.0,1.0,,1.0,-0.6956165710995659,-0.1638384638399901,99.9827779212951,0.6956165710995659,HIGH,False,False,1
230890,Rajasthan,AJMER,Bhagirath Chaudhary,Normal/Others,WS/MP719/2025-2026/230890-Construction of community centers and community halls,499974.0,,285163.0,25.0,25.0,1,499974.0,1.0,,0.8181818181818181,-0.6914712624101086,-0.1596931551505328,99.98182113914484,0.6914712624101086,HIGH,True,True,3
201981,Andhra Pradesh,KAKINADA,TANGELLA UDAY SRINIVAS,Normal/Others,WS/MP18010/2025-2026/201981-Providing drains and gutters for public drainage,1600000.0,1123023.0,1123023.0,1.0,1.0,1,1600000.0,1.0,,1.0,-0.6914353210970213,-0.1596572138374455,99.98086435699456,0.6914353210970213,HIGH,False,False,1
269921,Uttarakhand,ALMORA(SC),Ajay Tamta,Normal/Others,WS/MP477/2026-2027/269921-Construction of footpaths and pedestrian ways,100000.0,,95003.0,17.0,16.0,1,100000.0,1.0,,0.8181818181818181,-0.6877044472453904,-0.1559263399858146,99.97990757484428,0.6877044472453904,HIGH,True,True,3
190825,Odisha,BHUBANESWAR,Smt Aparajita Sarangi,Normal/Others,WS/MP300/2025-2026/190825-Construction of public libraries and reading rooms,1000000.0,853987.0,853987.0,2.0,1.0,1,1000000.0,1.0,,1.0,-0.6865019801827665,-0.1547238729231907,99.978950792694,0.6865019801827665,HIGH,False,False,1
196288,Uttar Pradesh,MISRIKH(SC),Ashok Kumar Rawat,Normal/Others,WS/MP507/2025-2026/196288-Lighting of public spaces,47472048.0,,37203872.0,4.0,1.0,1,47472048.0,1.0,,0.8181818181818181,-0.6864481609296404,-0.1546700536700647,99.97799401054374,0.6864481609296404,HIGH,True,False,2
219741,Punjab,SANGRUR,GURMEET SINGH MEET HAYER,Normal/Others,WS/MP18314/2025-2026/219741-Construction of bus-sheds or bus-stops,450000.0,348978.0,348978.0,14.0,4.0,1,450000.0,1.0,,0.9090909090909092,-0.6857849081277019,-0.1540068008681261,99.97703722839346,0.6857849081277019,HIGH,True,True,3
249920,Rajasthan,JALORE,LUMBARAM,Normal/Others,"WS/MP18166/2025-2026/249920-Construction of roads, link roads, pathways or any other road with or without drainage system",500000.0,474734.0,474734.0,12.0,12.0,1,500000.0,1.0,,0.9090909090909092,-0.6845372406659319,-0.1527591334063561,99.9760804462432,0.6845372406659319,HIGH,True,True,3
144452,Rajasthan,UDAIPUR(ST),MANNA LAL RAWAT,Normal/Others,WS/MP18172/2025-2026/144452-Construction of common work sheds/ common covered sitting area,500000.0,,489272.0,20.0,11.0,1,500000.0,1.0,,0.8181818181818181,-0.6842231273859164,-0.1524450201263406,99.97512366409292,0.6842231273859164,HIGH,True,True,3
249915,Rajasthan,JALORE,LUMBARAM,Normal/Others,WS/MP18166/2025-2026/249915-Development of playground,600000.0,572375.0,572375.0,12.0,12.0,1,600000.0,1.0,,0.9090909090909092,-0.6834012654043211,-0.1516231581447453,99.97416688194264,0.6834012654043211,HIGH,True,True,3
174610,Odisha,SUNDARGARH (ST),Shri Jual Oram,Normal/Others,WS/MP370/2025-2026/174610-Construction of community centers and community halls,500000.0,,198175.0,7.0,7.0,1,500000.0,1.0,,0.8181818181818181,-0.682951064426959,-0.1511729571673832,99.97321009979238,0.682951064426959,HIGH,True,True,3
266346,Tamil Nadu,POLLACHI,ESWARASAMY K,Normal/Others,"WS/MP18181/2025-2026/266346-Construction of Government office buildings (Post office, Police station, Police chauki, etc.)",6000000.0,2581399.0,2581399.0,1.0,1.0,1,6000000.0,1.0,,0.9090909090909092,-0.6828589258729159,-0.1510808186133401,99.9722533176421,0.6828589258729159,HIGH,False,False,1
154259,Uttarakhand,TEHRI GARHWAL,Mala Rajya Laxmi Shah,Normal/Others,WS/MP478/2024-2025/154259-Construction of footpaths and pedestrian ways,200000.0,198368.0,198368.0,12.0,7.0,1,200000.0,1.0,,1.0,-0.6826213955891598,-0.150843288329584,99.97129653549185,0.6826213955891598,HIGH,True,True,3
195402,Punjab,BHATINDA,Smt Harsimrat Kaur Badal,Normal/Others,"WS/MP716/2025-2026/195402-Construction of roads, link roads, pathways or any other road with or without drainage system",500000.0,373359.0,373359.0,5.0,5.0,1,500000.0,1.0,,0.9090909090909092,-0.6820728804803805,-0.1502947732208047,99.97033975334156,0.6820728804803805,HIGH,True,False,2
180883,Kerala,MALAPPURAM,E.T. MOHAMMED BASHEER,Normal/Others,WS/MP18305/2025-2026/180883-Purchase of hospital equipment,2861487.0,2861487.0,2861487.0,13.0,12.0,1,2861487.0,1.0,,0.9090909090909092,-0.6814223499048063,-0.1496442426452305,99.9693829711913,0.6814223499048063,HIGH,True,True,3
259491,Rajasthan,GANGANAGAR(SC),KULDEEP INDORA,Normal/Others,WS/MP18164/2025-2026/259491-Development of playground,500000.0,,217465.0,17.0,17.0,1,500000.0,1.0,,0.8181818181818181,-0.6808829891879009,-0.1491048819283251,99.968426189041,0.6808829891879009,HIGH,True,True,3
237078,Jammu And Kashmir,ANANTNAG,MIAN ALTAF AHMAD,Normal/Others,WS/MP18070/2025-2026/237078-Construction of community centers and community halls,2000000.0,1600000.0,1600000.0,2.0,1.0,1,2000000.0,1.0,,0.9090909090909092,-0.6790995677882311,-0.1473214605286553,99.96746940689074,0.6790995677882311,HIGH,True,False,2
241441,Rajasthan,BHILWARA,DAMODAR AGARWAL,Normal/Others,WS/MP18162/2025-2026/241441-Construction of community centers and community halls,500000.0,,415244.0,12.0,12.0,1,500000.0,1.0,,0.8181818181818181,-0.678864691577342,-0.1470865843177662,99.96651262474047,0.678864691577342,HIGH,True,True,3
178508,Rajasthan,RAJSAMAND,MAHIMA KUMARI MEWAR,Normal/Others,"WS/MP18169/2024-2025/178508-Purchase of ambulances (Four, three and two wheelers)",900000.0,799520.0,799520.0,3.0,3.0,1,900000.0,1.0,,1.0,-0.6776393181106872,-0.1458612108511114,99.9655558425902,0.6776393181106872,HIGH,True,False,2
194865,Uttar Pradesh,AONLA,NEERAJ MAURYA,Normal/Others,WS/MP18201/2025-2026/194865-Lighting of public spaces,21030400.0,21030400.0,21030400.0,21.0,2.0,1,21030400.0,1.0,,0.9090909090909092,-0.6772952183225984,-0.1455171110630226,99.96459906043992,0.6772952183225984,HIGH,True,True,3
140155,Rajasthan,AJMER,Bhagirath Chaudhary,Normal/Others,WS/MP719/2024-2025/140155-Construction of community centers and community halls,200000.0,194388.0,194388.0,10.0,9.0,1,200000.0,1.0,,0.9090909090909092,-0.6772937913362067,-0.1455156840766309,99.96364227828964,0.6772937913362067,HIGH,True,True,3
143390,Tamil Nadu,THANJAVUR,MURASOLI S,Normal/Others,WS/MP18183/2024-2025/143390-Construction of rooms and halls in school and colleges,4818297.0,4818297.0,4818297.0,3.0,2.0,1,4818297.0,1.0,,1.0,-0.6771760121150524,-0.1453979048554766,99.9626854961394,0.6771760121150524,HIGH,False,True,2
252744,Himachal Pradesh,MANDI,Kangana Ranaut,Normal/Others,WS/MP18328/2025-2026/252744-Setting up crops conservation facilities,1000000.0,,778325.0,14.0,14.0,1,1000000.0,1.0,,0.8181818181818181,-0.67667816172349,-0.1449000544639143,99.9617287139891,0.67667816172349,HIGH,True,True,3
238265,Gujarat,SURENDRANAGAR,CHANDUBHAI CHHAGANBHAI SHIHORA,Normal/Others,WS/MP18326/2025-2026/238265-Installing tube-wells and borewells,390711.0,,79883.0,2.0,2.0,1,390711.0,1.0,,0.8181818181818181,-0.6764861295083399,-0.1447080222487641,99.96077193183883,0.6764861295083399,HIGH,True,False,2
144893,Jharkhand,GIRIDIH,Shri Chandra Prakash Choudhary,Normal/Others,WS/MP334/2024-2025/144893-Lighting of public spaces,300000.0,149710.0,149710.0,1.0,1.0,1,300000.0,1.0,,1.0,-0.676437842001189,-0.1446597347416132,99.95981514968857,0.676437842001189,HIGH,False,True,2
178545,Rajasthan,BHILWARA,DAMODAR AGARWAL,Normal/Others,WS/MP18162/2025-2026/178545-Construction of public irrigation facilities,500000.0,462174.0,462174.0,23.0,19.0,1,500000.0,1.0,,0.9090909090909092,-0.6751714606078296,-0.1433933533482538,99.9588583675383,0.6751714606078296,HIGH,True,True,3
215081,Maharashtra,NAGPUR,Nitin Jairam Gadkari,Normal/Others,"WS/MP672/2026-2027/215081-Construction of roads, link roads, pathways or any other road with or without drainage system",2000000.0,1203802.0,1203802.0,1.0,1.0,1,2000000.0,1.0,,1.0,-0.6748855112238183,-0.1431074039642426,99.95790158538802,0.6748855112238183,HIGH,False,False,1
225532,Rajasthan,JALORE,LUMBARAM,Normal/Others,WS/MP18166/2025-2026/225532-Development of playground,999815.0,936452.0,936452.0,24.0,19.0,1,999815.0,1.0,,0.9090909090909092,-0.674675579899311,-0.1428974726397353,99.95694480323776,0.674675579899311,HIGH,True,True,3
147233,Rajasthan,BHILWARA,DAMODAR AGARWAL,Normal/Others,WS/MP18162/2024-2025/147233-Construction of community centers and community halls,500000.0,,499323.0,16.0,16.0,1,500000.0,1.0,,0.8181818181818181,-0.6743346326094485,-0.1425565253498727,99.95598802108748,0.6743346326094485,HIGH,True,True,3
187596,Rajasthan,RAJSAMAND,MAHIMA KUMARI MEWAR,Normal/Others,WS/MP18169/2025-2026/187596-Construction of footpaths and pedestrian ways,1000000.0,971117.0,971117.0,34.0,17.0,1,1000000.0,1.0,,0.9090909090909092,-0.6743294304426056,-0.1425513231830298,99.9550312389372,0.6743294304426056,HIGH,True,True,3
185513,Punjab,ANANDPUR SAHIB,MALVINDER SINGH KANG,Normal/Others,"WS/MP18311/2025-2026/185513-Construction of roads, link roads, pathways or any other road with or without drainage system",500000.0,500000.0,500000.0,9.0,7.0,1,500000.0,1.0,,1.0,-0.6729518119485249,-0.1411737046889492,99.95407445678694,0.6729518119485249,HIGH,True,True,3
245253,Rajasthan,PALI,Shri PP Chaudhary,Normal/Others,WS/MP389/2025-2026/245253-Crematoriums/energy efficient crematoriums or structures on burial/cremation ground,700000.0,,429791.0,16.0,16.0,1,700000.0,1.0,,0.8181818181818181,-0.6713904602586839,-0.1396123529991081,99.95311767463666,0.6713904602586839,HIGH,True,True,3
203954,Punjab,BHATINDA,Smt Harsimrat Kaur Badal,Normal/Others,"WS/MP716/2025-2026/203954-Construction of roads, link roads, pathways or any other road with or without drainage system",800000.0,,800000.0,15.0,4.0,1,800000.0,1.0,,0.8181818181818181,-0.6713609052021927,-0.1395827979426169,99.9521608924864,0.6713609052021927,HIGH,True,True,3
145237,Rajasthan,BIKANER(SC),Shri Arjun Ram Meghwal,Normal/Others,WS/MP384/2024-2025/145237-Construction of community centers and community halls,1000000.0,716024.0,716024.0,1.0,1.0,1,1000000.0,1.0,,1.0,-0.6713178220856421,-0.1395397148260663,99.95120411033612,0.6713178220856421,HIGH,False,True,2
197727,Rajasthan,CHURU,Rahul Kaswan,Normal/Others,WS/MP728/2025-2026/197727-Construction of additional rooms and halls in the existing public and community building,1498912.0,1343387.0,1343387.0,2.0,1.0,1,1498912.0,1.0,,1.0,-0.6710361678847713,-0.1392580606251955,99.95024732818584,0.6710361678847713,HIGH,False,False,1
218172,Uttar Pradesh,PHULPUR,PRAVEEN PATEL,Normal/Others,WS/MP18233/2025-2026/218172-Construction of shelters for animals,4433000.0,4049246.0,4049246.0,4.0,2.0,1,4433000.0,1.0,,0.9090909090909092,-0.6707481425286725,-0.1389700352690968,99.94929054603556,0.6707481425286725,HIGH,False,False,1
252741,Himachal Pradesh,MANDI,Kangana Ranaut,Normal/Others,WS/MP18328/2025-2026/252741-Development of playfields and sports grounds,1000000.0,,335094.0,16.0,16.0,1,1000000.0,1.0,,0.8181818181818181,-0.6693219648357779,-0.1375438575762021,99.9483337638853,0.6693219648357779,HIGH,True,True,3
153603,West Bengal,BARRACKPUR,PARTHA BHOWMICK,Normal/Others,"WS/MP18249/2025-2026/153603-Construction of rooms and facilities for hospitals, FWC , PHC Centers and ANM centers",20000000.0,,15604993.0,4.0,2.0,1,20000000.0,1.0,,0.8181818181818181,-0.6693004295815387,-0.1375223223219629,99.94737698173502,0.6693004295815387,HIGH,False,False,1
134984,Uttar Pradesh,SHAHJAHANPUR(SC),Shri Arun Kumar Sagar,Normal/Others,WS/MP492/2024-2025/134984-Lighting of public spaces,37908000.0,37908000.0,37908000.0,9.0,1.0,1,37908000.0,1.0,,0.9090909090909092,-0.6684717340726445,-0.1366936268130687,99.94642019958476,0.6684717340726445,HIGH,True,False,2
216762,Uttar Pradesh,SULTANPUR,RAMBHUAL NISHAD,Normal/Others,WS/MP18242/2025-2026/216762-Street lights,24641199.0,,24137489.0,2.0,2.0,1,24641199.0,1.0,,0.8181818181818181,-0.6683264705787954,-0.1365483633192196,99.94546341743448,0.6683264705787954,HIGH,False,False,1
152353,Haryana,ROHTAK,DEEPENDER SINGH HOODA,Normal/Others,WS/MP18065/2026-2027/152353-Construction of veterinary hospitals and dispensaries,2100000.0,,1697302.0,10.0,2.0,1,2100000.0,1.0,,0.8181818181818181,-0.6682308745106795,-0.1364527672511037,99.9445066352842,0.6682308745106795,HIGH,True,False,2
194809,Uttar Pradesh,SHAHJAHANPUR(SC),Shri Arun Kumar Sagar,Normal/Others,WS/MP492/2025-2026/194809-Lighting of public spaces,40095000.0,40095000.0,40095000.0,10.0,2.0,1,40095000.0,1.0,,0.9090909090909092,-0.6682117548725843,-0.1364336476130085,99.94354985313394,0.6682117548725843,HIGH,True,False,2
258729,Uttar Pradesh,CHANDAULI,VIRENDRA SINGH,Normal/Others,"WS/MP18210/2025-2026/258729-Construction of roads, link roads, pathways or any other road with or without drainage system",5077000.0,,3617548.0,8.0,4.0,1,5077000.0,1.0,,0.8181818181818181,-0.6681923415813837,-0.136414234321808,99.94259307098366,0.6681923415813837,HIGH,True,False,2
149889,Puducherry,Puducherry,Vaithilingam Ve,Normal/Others,"WS/MP710/2025-2026/149889-Construction of roads, link roads, pathways or any other road with or without drainage system",1500000.0,1229867.0,1229867.0,1.0,1.0,1,1500000.0,1.0,,0.9090909090909092,-0.6679374502428468,-0.136159342983271,99.9416362888334,0.6679374502428468,HIGH,True,False,2
161325,Jammu And Kashmir,JAMMU,Shri Jugal Kishore Sharma,Normal/Others,WS/MP331/2024-2025/161325-Construction of additional rooms and halls in the existing public and community building,2500000.0,1958261.0,1958261.0,2.0,2.0,1,2500000.0,1.0,,0.9090909090909092,-0.6677536294292084,-0.1359755221696326,99.94067950668313,0.6677536294292084,HIGH,False,False,1
270403,Rajasthan,JALORE,LUMBARAM,Normal/Others,"WS/MP18166/2026-2027/270403-Construction of roads, link roads, pathways or any other road with or without drainage system",499025.0,,490745.0,9.0,8.0,1,499025.0,1.0,,0.8181818181818181,-0.6676610692413588,-0.135882961981783,99.93972272453286,0.6676610692413588,HIGH,True,True,3
244496,Kerala,THIRUVANANTHAPURAM,Dr Shashi Tharoor,Normal/Others,WS/MP343/2025-2026/244496-Purchase of vans and buses for educational institutions,2700000.0,2350000.0,2350000.0,1.0,1.0,1,2700000.0,1.0,,0.9090909090909092,-0.6675286735883847,-0.135750566328809,99.93876594238256,0.6675286735883847,HIGH,True,False,2
165228,Rajasthan,ALWAR,BHUPENDER YADAV,Normal/Others,WS/MP18159/2024-2025/165228-Development of playground,2800000.0,1727647.0,1727647.0,2.0,1.0,1,2800000.0,1.0,,0.9090909090909092,-0.6675050052823371,-0.1357268980227614,99.9378091602323,0.6675050052823371,HIGH,False,False,1
208657,West Bengal,MEDINIPUR,JUNE MALIAH,Normal/Others,"WS/MP18254/2026-2027/208657-Construction of Government office buildings (Post office, Police station, Police chauki, etc.)",5500000.0,,1615346.0,1.0,1.0,1,5500000.0,1.0,,0.8181818181818181,-0.666724580240035,-0.1349464729804592,99.93685237808204,0.666724580240035,HIGH,True,False,2
140154,Rajasthan,AJMER,Bhagirath Chaudhary,Normal/Others,WS/MP719/2024-2025/140154-Construction of community centers and community halls,299612.0,299349.0,299349.0,17.0,16.0,1,299612.0,1.0,,0.9090909090909092,-0.6666033777402413,-0.1348252704806655,99.93589559593175,0.6666033777402413,HIGH,True,True,3
186056,Rajasthan,JHUNJHUNU,BRIJENDRA SINGH OLA,Normal/Others,"WS/MP18167/2025-2026/186056-Construction of roads, link roads, pathways or any other road with or without drainage system",499711.0,487056.0,487056.0,10.0,9.0,1,499711.0,1.0,,0.9090909090909092,-0.6662154167790231,-0.1344373095194473,99.9349388137815,0.6662154167790231,HIGH,True,True,3
182635,Delhi,CHANDINI CHOWK,Praveen Khandelwal,Normal/Others,WS/MP18395/2025-2026/182635-Construction of community centers and community halls,1152610.0,699698.0,699698.0,1.0,1.0,1,1152610.0,1.0,,1.0,-0.6661876193476571,-0.1344095120880813,99.93398203163122,0.6661876193476571,HIGH,False,False,1
136732,Uttar Pradesh,HARDOI (SC),Jai Prakash,Normal/Others,WS/MP792/2024-2025/136732-Lighting of public spaces,8602500.0,8523854.0,8523854.0,6.0,3.0,1,8602500.0,1.0,,0.9090909090909092,-0.664313586543533,-0.1325354792839572,99.93302524948096,0.664313586543533,HIGH,True,False,2
183398,Punjab,ANANDPUR SAHIB,MALVINDER SINGH KANG,Repair and Renovation,"WS/MP18311/2025-2026/183398-Construction of roads, link roads, pathways or any other road with or without drainage system",500000.0,500000.0,500000.0,5.0,5.0,1,500000.0,1.0,,1.0,-0.6638204627386314,-0.1320423554790556,99.93206846733068,0.6638204627386314,HIGH,True,False,2
149935,Puducherry,Puducherry,Vaithilingam Ve,Normal/Others,WS/MP710/2025-2026/149935-Street lights,2000000.0,1968724.0,1968724.0,5.0,4.0,1,2000000.0,1.0,,0.9090909090909092,-0.6636905044829269,-0.1319123972233511,99.9311116851804,0.6636905044829269,HIGH,True,True,3
141027,Punjab,ANANDPUR SAHIB,MALVINDER SINGH KANG,Normal/Others,WS/MP18311/2024-2025/141027-Construction of community centers and community halls,700000.0,,422800.0,8.0,3.0,1,700000.0,1.0,,0.8181818181818181,-0.6628576811345619,-0.1310795738749861,99.93015490303011,0.6628576811345619,HIGH,True,True,3
247099,Maharashtra,NAGPUR,Nitin Jairam Gadkari,Normal/Others,WS/MP672/2026-2027/247099-Construction of community centers and community halls,2500000.0,1965693.0,1965693.0,1.0,1.0,1,2500000.0,1.0,,1.0,-0.6627458708941854,-0.1309677636346096,99.92919812087986,0.6627458708941854,HIGH,False,False,1
214215,Haryana,SONEPAT,SATPAL BRAHAMCHARI,Normal/Others,"WS/MP18067/2025-2026/214215-Construction of roads, link roads, pathways or any other road with or without drainage system",1000000.0,542851.0,542851.0,4.0,4.0,1,1000000.0,1.0,,0.9090909090909092,-0.6621323236624507,-0.1303542164028749,99.92824133872958,0.6621323236624507,HIGH,False,False,1
195396,Punjab,BHATINDA,Smt Harsimrat Kaur Badal,Normal/Others,WS/MP716/2025-2026/195396-Crematoriums/energy efficient crematoriums or structures on burial/cremation ground,500000.0,,499607.0,6.0,4.0,1,500000.0,1.0,,0.8181818181818181,-0.6611705598860566,-0.1293924526264808,99.92728455657932,0.6611705598860566,HIGH,True,False,2
203736,Rajasthan,BHILWARA,DAMODAR AGARWAL,Normal/Others,WS/MP18162/2025-2026/203736-Construction of community centers and community halls,500000.0,,499246.0,10.0,10.0,1,500000.0,1.0,,0.8181818181818181,-0.6609515086564823,-0.1291734013969065,99.92632777442904,0.6609515086564823,HIGH,True,True,3
149558,Rajasthan,AJMER,Bhagirath Chaudhary,Normal/Others,WS/MP719/2024-2025/149558-Construction of rooms and halls in school and colleges,499583.0,499583.0,499583.0,21.0,21.0,1,499583.0,1.0,,0.9090909090909092,-0.6608157479592984,-0.1290376406997226,99.92537099227876,0.6608157479592984,HIGH,True,True,3
273406,Odisha,SAMBALPUR,DHARMENDRA PRADHAN,Normal/Others,WS/MP18150/2025-2026/273406-Construction of community centers and community halls,1000000.0,,412327.0,5.0,5.0,1,1000000.0,1.0,,0.8181818181818181,-0.6607502706608828,-0.128972163401307,99.9244142101285,0.6607502706608828,HIGH,True,False,2
163635,Rajasthan,BHILWARA,DAMODAR AGARWAL,Normal/Others,WS/MP18162/2024-2025/163635-Construction of community centers and community halls,500000.0,500000.0,500000.0,14.0,13.0,1,500000.0,1.0,,1.0,-0.6603669498090743,-0.1285888425494985,99.92345742797822,0.6603669498090743,HIGH,True,True,3
191749,Rajasthan,CHURU,Rahul Kaswan,Normal/Others,WS/MP728/2025-2026/191749-Construction of additional rooms and halls in the existing public and community building,699547.0,624003.0,624003.0,14.0,11.0,1,699547.0,1.0,,0.9090909090909092,-0.6600158841569292,-0.1282377768973535,99.92250064582797,0.6600158841569292,HIGH,True,True,3
217810,Kerala,MAVELIKKARA(SC),Shri Suresh Kodikunnil,Normal/Others,WS/MP347/2025-2026/217810-Street lights,2500000.0,225139.0,225139.0,1.0,1.0,1,2500000.0,1.0,,0.9090909090909092,-0.6593218172270202,-0.1275437099674444,99.92154386367768,0.6593218172270202,HIGH,False,False,1
213615,Punjab,JALANDHAR(SC),CHARANJIT SINGH CHANNI,Normal/Others,WS/MP18156/2025-2026/213615-Construction of community centers and community halls,500000.0,,169250.0,5.0,4.0,1,500000.0,1.0,,0.8181818181818181,-0.6590618735494344,-0.1272837662898586,99.92058708152742,0.6590618735494344,HIGH,True,True,3
204508,Tamil Nadu,PERAMBALUR,ARUN NEHRU,Normal/Others,WS/MP18180/2025-2026/204508-Construction of rooms and halls in school and colleges,4881560.0,4881560.0,4881560.0,2.0,2.0,1,4881560.0,1.0,,1.0,-0.6590354332284951,-0.1272573259689193,99.91963029937712,0.6590354332284951,HIGH,False,False,1
201982,Andhra Pradesh,KAKINADA,TANGELLA UDAY SRINIVAS,Normal/Others,WS/MP18010/2025-2026/201982-Providing drains and gutters for public drainage,1700000.0,1420283.0,1420283.0,1.0,1.0,1,1700000.0,1.0,,1.0,-0.6585651160330839,-0.1267870087735081,99.91867351722686,0.6585651160330839,HIGH,False,False,1
269917,Uttarakhand,ALMORA(SC),Ajay Tamta,Normal/Others,WS/MP477/2026-2027/269917-Construction of footpaths and pedestrian ways,100000.0,,63096.0,13.0,13.0,1,100000.0,1.0,,0.8181818181818181,-0.6583104760082048,-0.126532368748629,99.9177167350766,0.6583104760082048,HIGH,True,True,3
177536,Tripura,TRIPURA WEST,BIPLAB KUMAR DEB,Normal/Others,WS/MP18197/2025-2026/177536-Construction of buildings for sports facilities,11517641.0,,10079995.0,4.0,2.0,1,11517641.0,1.0,,0.8181818181818181,-0.6582856233444871,-0.1265075160849114,99.91675995292633,0.6582856233444871,HIGH,False,False,1
156480,Goa,SOUTH GOA,CAPTAIN VIRIATO FERNANDES,Normal/Others,WS/MP18052/2025-2026/156480-Development of playground,2300000.0,2069969.0,2069969.0,1.0,1.0,1,2300000.0,1.0,,1.0,-0.6578144708446525,-0.1260363635850767,99.91580317077604,0.6578144708446525,HIGH,False,False,1
162520,Tamil Nadu,PERAMBALUR,ARUN NEHRU,Normal/Others,WS/MP18180/2025-2026/162520-Construction of rooms and halls in school and colleges,4350000.0,4349802.0,4349802.0,3.0,2.0,1,4350000.0,1.0,,1.0,-0.6575107047334746,-0.1257325974738988,99.91484638862578,0.6575107047334746,HIGH,False,False,1
186682,Jammu And Kashmir,SRINAGAR,AGA SYED RUHULLAH MEHDI,Normal/Others,WS/MP18260/2025-2026/186682-Street lights,700000.0,495016.0,495016.0,2.0,1.0,1,700000.0,1.0,,0.9090909090909092,-0.6569502258478351,-0.1251721185882593,99.91388960647552,0.6569502258478351,HIGH,True,False,2
146592,Madhya Pradesh,KHANDWA,Gyaneshwar Patil,Normal/Others,WS/MP643/2024-2025/146592-Construction of buildings for community cultural activities,1500000.0,,1335428.0,37.0,12.0,1,1500000.0,1.0,,0.8181818181818181,-0.6569319562927842,-0.1251538490332084,99.91293282432522,0.6569319562927842,HIGH,True,True,3
208000,Assam,Sonitpur,RANJIT DUTTA,Normal/Others,WS/MP18029/2025-2026/208000-Construction of community centers and community halls,2000000.0,782368.0,782368.0,2.0,1.0,1,2000000.0,1.0,,0.9090909090909092,-0.656349635183476,-0.1245715279239002,99.91197604217496,0.656349635183476,HIGH,False,False,1
228859,Rajasthan,BHARATPUR(SC),SANJNA JATAV,Normal/Others,"WS/MP18161/2025-2026/228859-Construction of roads, link roads, pathways or any other road with or without drainage system",600000.0,598857.0,598857.0,20.0,20.0,1,600000.0,1.0,,0.9090909090909092,-0.6562858527983491,-0.1245077455387733,99.91101926002467,0.6562858527983491,HIGH,True,True,3
211166,Jammu And Kashmir,JAMMU,Shri Jugal Kishore Sharma,Normal/Others,WS/MP331/2025-2026/211166-Construction of public toilets and bathrooms,500000.0,314500.0,314500.0,1.0,1.0,1,500000.0,1.0,,1.0,-0.656228573771003,-0.1244504665114272,99.91006247787442,0.656228573771003,HIGH,False,False,1
199511,Odisha,BHUBANESWAR,Smt Aparajita Sarangi,Normal/Others,WS/MP300/2025-2026/199511-Construction of public libraries and reading rooms,1000000.0,,768619.0,8.0,4.0,1,1000000.0,1.0,,0.8181818181818181,-0.6561089837195355,-0.1243308764599597,99.90910569572414,0.6561089837195355,HIGH,True,False,2
134981,Uttar Pradesh,SHAHJAHANPUR(SC),Shri Arun Kumar Sagar,Normal/Others,WS/MP492/2024-2025/134981-Construction of bus-sheds or bus-stops,9900000.0,9900000.0,9900000.0,15.0,1.0,1,9900000.0,1.0,,0.9090909090909092,-0.6556218499364431,-0.1238437426768673,99.90814891357388,0.6556218499364431,HIGH,True,True,3
206361,Maharashtra,RATNAGIRI-SINDHUDURG,NARAYAN TATU RANE,Normal/Others,"WS/MP18131/2025-2026/206361-Construction of roads, link roads, pathways or any other road with or without drainage system",1000000.0,500000.0,500000.0,1.0,1.0,1,1000000.0,1.0,,1.0,-0.6553196156811055,-0.1235415084215297,99.9071921314236,0.6553196156811055,HIGH,False,False,1
153634,Punjab,ANANDPUR SAHIB,MALVINDER SINGH KANG,Normal/Others,WS/MP18311/2024-2025/153634-Construction of community centers and community halls,700000.0,,408217.0,9.0,3.0,1,700000.0,1.0,,0.8181818181818181,-0.6551776806890373,-0.1233995734294615,99.90623534927332,0.6551776806890373,HIGH,True,False,2
178231,Madhya Pradesh,GWALIOR,BHARAT SINGH KUSHWAH,Normal/Others,WS/MP18103/2025-2026/178231-Construction of footpaths and pedestrian ways,1724500.0,1163014.0,1163014.0,2.0,1.0,1,1724500.0,1.0,,0.9090909090909092,-0.6550092947079359,-0.1232311874483601,99.90527856712306,0.6550092947079359,HIGH,False,False,1
