STATE_NAME,TOTAL_WORKS,ML_ANOMALIES,MEDIAN_SANCTION,MEAN_SANCTION,MEDIAN_PAYMENT_COUNT,MEAN_PAYMENT_COUNT,MEDIAN_VENDOR_COUNT,MEAN_VENDOR_COUNT,MEDIAN_COMPLETENESS,MEDIAN_PEER_COUNT,ML_ANOMALY_RATE_PERCENT,INDIA_RATE_RATIO
Tripura,74,14,1913500.0,2779114.8378378376,1.0,1.3333333333333333,1.0,1.0769230769230769,0.8181818181818181,1.0,18.91891891891892,7.567350358395134
Manipur,87,13,1879510.0,2582937.9146341463,2.0,1.8289473684210527,1.0,1.0,0.8181818181818181,1.0,14.942528735632186,5.976839938239836
Nagaland,56,8,600000.0,2625000.0,1.5,1.5,1.0,1.0,0.9090909090909092,1.0,14.285714285714285,5.714121699196325
Andaman And Nicobar Islands,29,4,2592551.0,2745372.5172413792,1.0,1.0,1.0,1.0,0.4545454545454546,1.0,13.793103448275861,5.517083019913694
Rajasthan,3459,392,500000.0,613666.9681112737,1.0,3.8395217117684077,1.0,3.3467589679043424,0.5454545454545454,1.0,11.332755131540907,4.5329719406171485
Punjab,4415,449,243000.0,310556.8095238095,1.0,3.079796880667392,1.0,1.9873050417120057,0.8181818181818181,1.0,10.169875424688561,4.067833408963545
Lakshadweep,30,3,292500.0,3172378.3333333335,1.0,1.0,1.0,1.0,0.8181818181818181,1.0,10.0,3.9998851894374283
Uttarakhand,933,82,250000.0,323280.1617161716,1.0,3.5140845070422535,1.0,3.2347417840375585,0.5454545454545454,1.0,8.788853161843516,3.515440359419819
Puducherry,82,7,1925000.0,2045941.5657894737,1.0,1.35,1.0,1.15,0.4545454545454546,1.0,8.536585365853659,3.414536137324634
Chandigarh,115,8,500000.0,693656.6283185841,1.0,2.480769230769231,1.0,2.0576923076923075,0.5454545454545454,1.0,6.956521739130435,2.782528827434733
Jammu And Kashmir,1083,63,300000.0,482936.04950092424,1.0,1.105603448275862,1.0,1.0387931034482758,0.5454545454545454,1.0,5.8171745152354575,2.3268030187863156
Haryana,1889,68,400000.0,506935.53607696417,1.0,1.462200956937799,1.0,1.182775119617225,0.8181818181818181,1.0,3.5997882477501326,1.4398739697286667
Assam,2290,72,500000.0,645355.2168199737,2.0,2.043512658227848,1.0,1.0759493670886076,0.8181818181818181,1.0,3.14410480349345,1.2576058237532526
Sikkim,128,4,500000.0,1161171.296875,1.0,1.4814814814814814,1.0,1.4814814814814814,0.5,1.0,3.125,1.2499641216991964
Delhi,583,14,650852.0,998374.9461921097,1.0,1.0200803212851406,1.0,1.0040160642570282,0.5454545454545454,1.0,2.401372212692967,0.9605213147877185
Chhattisgarh,2305,55,499582.0,506289.0243161094,2.0,1.5910290237467017,1.0,1.0174142480211081,0.8181818181818181,1.0,2.386117136659436,0.9544194595186921
Arunachal Pradesh,303,7,500000.0,765846.2323232323,1.0,1.5062240663900415,1.0,1.3278008298755186,0.9090909090909092,1.0,2.31023102310231,0.9240658853485808
Madhya Pradesh,7472,172,250000.0,420738.33708769106,1.0,1.535136242573243,1.0,1.0422044662978898,0.8181818181818181,1.0,2.3019271948608138,0.9207444493887014
Meghalaya,582,12,300000.0,402185.8864027539,2.0,1.6688453159041394,1.0,1.0021786492374727,0.8181818181818181,1.0,2.0618556701030926,0.8247185957602944
Uttar Pradesh,16859,339,221210.0,493070.1158484055,1.0,1.4883052527254708,1.0,1.033201189296333,0.8181818181818181,1.0,2.010795420843466,0.804295082282038
Kerala,4463,89,300000.0,548209.9328568229,1.0,1.121765601217656,1.0,1.099695585996956,0.5454545454545454,1.0,1.9941743222047952,0.7976468336543382
Andhra Pradesh,3709,71,497836.5,646565.0176697957,1.0,1.050877192982456,1.0,1.0046783625730995,0.5454545454545454,1.0,1.9142626044756001,0.7656830640335871
Himachal Pradesh,1735,32,200000.0,244806.01730103805,1.0,1.3932002956393201,1.0,1.0783444198078345,0.8181818181818181,1.0,1.8443804034582134,0.7377309859481136
Tamil Nadu,5868,106,550000.0,808311.4838022166,1.0,1.0513033832501386,1.0,1.0102606766500277,0.8181818181818181,1.0,1.8064076346284936,0.7225423143837209
Jharkhand,4402,76,300000.0,340303.69166098617,1.0,1.3129334965320278,1.0,1.0004079967360262,0.8181818181818181,1.0,1.7264879600181735,0.6905753621018731
Maharashtra,4861,72,1000000.0,966504.9858827186,1.0,1.0507246376811594,1.0,1.0036231884057971,0.5454545454545454,1.0,1.4811767126105742,0.5924536795710653
West Bengal,5741,83,377801.0,739303.6463057548,1.0,1.0423931623931624,1.0,1.0068376068376068,0.8181818181818181,1.0,1.4457411600766417,0.5782798653950645
Odisha,5800,80,300000.0,375922.6356268322,1.0,1.7285506543868152,1.0,1.6854095976732912,0.5454545454545454,1.0,1.3793103448275863,0.5517083019913694
Karnataka,4822,63,500000.0,599506.9726684749,1.0,1.447816091954023,1.0,1.024367816091954,0.5454545454545454,1.0,1.3065118208212358,0.5225897281927788
Telangana,5288,66,250000.0,360805.633010078,1.0,1.0249137600613263,1.0,1.0107320812571867,0.5454545454545454,1.0,1.248108925869894,0.49922924073916464
Bihar,5872,50,649100.0,748587.7081692071,1.0,1.0348162475822051,1.0,1.0011052777010223,0.8181818181818181,1.0,0.8514986376021799,0.34058967893711073
Gujarat,8544,38,291000.0,342695.91454396053,1.0,1.0230272395394553,1.0,1.015445099691098,0.5454545454545454,1.0,0.4447565543071161,0.1778975154478257
Goa,248,1,583030.0,1041417.4879032258,1.0,1.3205128205128205,1.0,1.1923076923076923,0.4545454545454546,4.0,0.4032258064516129,0.16128569312247693
Ladakh,55,0,800000.0,991236.3636363636,1.0,1.0,1.0,1.0,0.4545454545454546,1.0,0.0,0.0
Mizoram,271,0,250000.0,469720.4022140221,2.0,1.8654970760233918,1.0,1.0,0.8181818181818181,1.0,0.0,0.0
The Dadra And Nagar Haveli And Daman And Diu,64,0,2500000.0,4155511.475409836,,,,,0.4545454545454546,3.5,0.0,0.0
