FEATURE,ANOMALY_COUNT,NORMAL_COUNT,ANOMALY_MEDIAN,NORMAL_MEDIAN,MEDIAN_RATIO,MEDIAN_DIFFERENCE_PERCENT,ANOMALY_MEAN,NORMAL_MEAN,ANOMALY_P95,NORMAL_P95,ANOMALY_P99,NORMAL_P99,NORMAL_STD,STANDARDIZED_DIFFERENCE,ABS_STANDARDIZED_DIFFERENCE
MULTIPLE_PAYMENTS,2613,101904,1.0,0.0,,,0.6142365097588978,0.12463691317318261,1.0,1.0,1.0,1.0,0.3303083766707776,3.0274739323269184,3.0274739323269184
COMPLETION_YEAR,369,1551,2026.0,2025.0,1.0004938271604937,0.04938271604938272,2025.728997289973,2025.4719535783365,2026.0,2026.0,2026.0,2026.0,0.49937378892914003,2.0025079853398107,2.0025079853398107
FIRST_PAYMENT_YEAR,2574,52410,2026.0,2025.0,1.0004938271604937,0.04938271604938272,2025.598679098679,2025.4539591680978,2026.0,2026.0,2026.0,2026.0,0.5475257568713927,1.8263980962541058,1.8263980962541058
PAYMENT_COUNT,2574,52410,2.0,1.0,2.0,100.0,5.109168609168609,1.3197672199961838,18.0,2.0,27.0,5.0,0.7788296413834951,1.2839778391377388,1.2839778391377388
PAYMENT_SUCCESS_COUNT,2574,52410,2.0,1.0,2.0,100.0,4.597513597513598,1.2853081473001335,18.0,2.0,27.0,5.0,0.8009657024291384,1.248492909206022,1.248492909206022
COMPLETION_DURATION_DAYS,369,1551,321.0,189.0,1.6984126984126984,69.84126984126983,309.0487804878049,211.1418439716312,590.1999999999999,406.0,605.64,517.0,110.01040066468273,1.1998865489304296,1.1998865489304296
RECOMMENDATION_TO_COMPLETION_DAYS,369,1551,321.0,189.0,1.6984126984126984,69.84126984126983,309.0487804878049,211.1418439716312,590.1999999999999,406.0,605.64,517.0,110.01040066468273,1.1998865489304296,1.1998865489304296
PAYMENTS_PER_30_DAYS,1312,11224,2.760762173606211,0.5172413793103449,5.337473535638674,433.7473535638674,15.978722785116965,0.893872705256673,67.9821428571429,2.418520578420469,253.3500000000015,6.0,2.002400929678418,1.1204153778814774,1.1204153778814774
PAYMENTS_PER_100_DAYS,1312,11224,9.202540578687369,1.7241379310344829,5.337473535638674,433.7473535638674,53.262409283723215,2.9795756841889105,226.607142857143,8.061735261401564,844.500000000005,20.0,6.674669765594726,1.1204153778814772,1.1204153778814772
SANCTION_TO_COMPLETION_DAYS,369,1551,189.0,110.0,1.7181818181818183,71.81818181818181,195.9810298102981,123.94390715667312,480.39999999999986,295.0,539.0,371.0,92.30562181852697,0.8558525303617384,0.8558525303617384
ATTACH_ID,962,23658,2156335.5,1940319.0,1.111330404948877,11.133040494887696,2035888.4833679833,1911504.1641305266,2428006.15,2394027.85,2436720.42,2432254.58,334503.1728506306,0.6457831121872804,0.6457831121872804
DISBURSED_PER_EXPENDITURE_DAY,1312,11224,11344.069309507286,3061.2244897959185,3.70572930777238,270.57293077723796,68753.06779809548,7252.4058870776935,285642.4475449109,24693.276311475423,951954.8100000017,63336.499926470664,15259.554101059073,0.542797303568425,0.542797303568425
DISBURSED_TO_SANCTION_RATIO,2574,52410,0.9474940051800051,1.0,0.9474940051800051,-5.250599481999485,0.8195949635930794,0.9467949985500487,1.0,1.0,1.0,1.0,0.1348664838703968,-0.3893183340528975,0.3893183340528975
REMAINING_SANCTION_RATIO,2574,52410,0.0525059948199948,0.0,,,0.1804050364069206,0.05320500144995131,0.6,0.4056782192056806,0.8118958683333333,0.5383585569088489,0.1348664838703968,0.3893183340528971,0.3893183340528971
TOTAL_FUND_DISBURSED_AMT,2574,52410,499556.0,299999.0,1.665192217307391,66.5192217307391,1346992.4907148406,457249.8368889525,5000000.0,1384086.95,11079737.749999994,2477434.0899999947,518588.0681033602,0.3848083137158222,0.3848083137158222
PEER_MEDIAN_DISBURSED,2574,52410,499556.0,299999.0,1.665192217307391,66.5192217307391,1346992.4907148406,457249.8368889525,5000000.0,1384086.95,11079737.749999994,2477434.0899999947,518588.0681033602,0.3848083137158222,0.3848083137158222
DISBURSED_TO_RECOMMENDED_RATIO,2559,52179,0.9487966666666666,1.0,0.9487966666666666,-5.120333333333338,0.8199465946055974,0.9468103488611572,1.0,1.0,1.0,1.0,0.1349452297614254,-0.3794378906453946,0.3794378906453946
ACTUAL_AMOUNT,1303,32327,499666.0,299041.0,1.6708946264893443,67.08946264893443,1345982.352340752,459672.80657963926,4999120.2,1399871.3999999994,11581697.120000005,2480985.099999999,538388.2999191596,0.3726399701295967,0.3726399701295967
REMAINING_SANCTION_AMOUNT,2574,52410,36843.0,0.0,,,286080.18104118103,29579.7430234688,1310290.5499999996,200000.0,4323694.28,500000.0,103979.4456744892,0.3543296442966058,0.3543296442966058
STATE_TOTAL_SANCTIONED,2613,101904,2095672696.1,2919426496.0,0.7178371159442953,-28.216288405570467,2909230762.271875,3601931191.453745,8287522507.18,8287522507.18,8287522507.18,8287522507.18,2375801593.348837,-0.3467266804627692,0.3467266804627692
STATE_TOTAL_RECOMMENDED,2613,101904,2121543696.1,2922640316.0,0.7258996888825507,-27.41003111174492,2917789390.824879,3608376531.4624004,8296217507.18,8296217507.18,8296217507.18,8296217507.18,2377507214.6570783,-0.3369481341471121,0.3369481341471121
PEER_MEDIAN_SANCTION,2613,101835,550000.0,335000.0,1.6417910447761195,64.17910447761194,1620833.8794871795,494528.2459599351,6000000.0,1390174.9999999995,13358617.600000022,2500000.0,654387.7290587192,0.32855139308504316,0.32855139308504316
SANCTION_TO_FIRST_PAYMENT_DAYS,2574,52410,105.0,73.0,1.4383561643835616,43.83561643835616,137.8073038073038,102.62427017744706,400.0,308.0,507.0799999999999,430.0,103.26616188930215,0.3098788549370405,0.3098788549370405
RECOMMENDATION_MONTH,2613,101904,6.0,7.0,0.8571428571428571,-14.285714285714285,6.338691159586682,6.493847150259067,12.0,12.0,12.0,12.0,3.230766031804923,-0.3095241160008522,0.3095241160008522
SANCTION_AMOUNT,2613,101384,550000.0,325000.0,1.6923076923076923,69.23076923076923,1620833.8794871795,517657.8308313935,6000000.0,1500000.0,13358617.600000022,2953219.969999967,748080.4916546608,0.3007697734535599,0.3007697734535599
RECOMMENDED_AMOUNT,2598,101547,550000.0,325000.0,1.6923076923076923,69.23076923076923,1621776.8283679753,518408.36250219104,6000000.0,1500000.0,13416822.400000222,2980118.2599999984,748696.5307101517,0.3005222954440347,0.3005222954440347
RECOMMENDATION_TO_FIRST_PAYMENT_DAYS,2574,52410,217.5,181.0,1.201657458563536,20.165745856353592,244.01476301476302,202.60891051326084,532.0,443.0,638.81,550.0,126.34116238836975,0.28890030224512153,0.28890030224512153
MP_MEDIAN_SANCTION_AMOUNT,2613,101904,400000.0,300000.0,1.3333333333333333,33.33333333333333,634988.7730960582,413073.18239853194,1900000.0,1000000.0,3179900.0,1815000.0,353455.9902561441,0.28292065421647417,0.28292065421647417
STATE_WORK_COUNT,2613,101904,4415.0,5741.0,0.7690297857516112,-23.09702142483888,5801.76769996173,6995.886049615324,16859.0,16859.0,16859.0,16859.0,4706.197014393938,-0.2817561602169266,0.2817561602169266
PEER_MEAN_SANCTION,2613,101835,550000.0,374802.390438247,1.4674399471062574,46.743994710625735,1620833.8794871795,517980.0771711223,6000000.0,1455879.5294117648,13358617.600000022,2500000.0,660542.4184200846,0.26523294292105964,0.26523294292105964
MP_TOTAL_SANCTIONED,2613,101904,109636318.0,116994317.0,0.9371080648301917,-6.289193516980829,113353070.42948335,118789320.56349151,146922088.0,173418823.0,238216983.0,244569278.0,33480505.266080163,-0.2197696522655096,0.2197696522655096
CONSTITUENCY_TOTAL_SANCTIONED,2613,101904,109636318.0,116994317.0,0.9371080648301917,-6.289193516980829,113353070.42948335,118789320.56349151,146922088.0,173418823.0,238216983.0,244569278.0,33480505.266080163,-0.2197696522655096,0.2197696522655096
MP_TOTAL_RECOMMENDED,2613,101904,110368188.0,117018098.0,0.9431719527692204,-5.682804723077964,113776659.1149024,119039209.37551066,147000000.0,173418823.0,238216983.0,244569278.0,33508159.534202173,-0.19845643844486172,0.19845643844486172
AVERAGE_PAYMENT_AMOUNT,2574,52410,159899.5,250000.0,0.639598,-36.0402,722353.4640501674,389618.49569937,2996877.7499999995,1091974.1999999986,6825379.999999998,2099714.1099999957,471689.5733652297,-0.1910165182520053,0.1910165182520053
CONSTITUENCY_AVG_SANCTION,2613,101904,497578.9090909091,419574.1414937759,1.1859141445643413,18.59141445643413,856847.6566532444,538806.660767446,2745372.5172413792,1233606.5573770492,4088041.640000001,2194029.850746269,449212.92462317593,0.17364764752164655,0.17364764752164655
MP_AVG_SANCTION_AMOUNT,2613,101904,497578.9090909091,419574.1414937759,1.1859141445643413,18.59141445643413,856847.6566532444,538806.660767446,2745372.5172413792,1233606.5573770492,4088041.640000001,2194029.850746269,449212.92462317593,0.17364764752164655,0.17364764752164655
RECOMMENDATION_TO_SANCTION_DAYS,2613,74690,63.0,79.0,0.7974683544303798,-20.253164556962027,106.91389207807119,106.77723925558978,375.0,309.0,507.8800000000001,456.0,96.19724150519788,-0.16632493561819506,0.16632493561819506
STATE_TOTAL_DISBURSED,2613,101904,904526762.1,1176280331.0,0.7689721049156947,-23.102789508430536,1554451701.4219558,1899090569.5026903,5287601009.47,5287601009.47,5287601009.47,5287601009.47,1638713245.3508453,-0.1658335097192786,0.1658335097192786
PAYMENT_AFTER_REPORTED_COMPLETION_DAYS,155,343,7.0,2.0,3.5,250.0,30.12258064516129,11.151603498542274,104.49999999999991,74.89999999999998,325.8200000000005,96.89999999999992,32.51001270045656,0.15379877104538262,0.15379877104538262
CONSTITUENCY_WORK_COUNT,2613,101904,221.0,278.0,0.7949640287769785,-20.503597122302157,240.60275545350171,367.3620073794944,482.0,730.0,628.0,2589.0,415.40641669472893,-0.13721502054188964,0.13721502054188964
MP_WORK_COUNT,2613,101904,221.0,278.0,0.7949640287769785,-20.503597122302157,240.60275545350171,367.3620073794944,482.0,730.0,628.0,2589.0,415.40641669472893,-0.13721502054188964,0.13721502054188964
CONSTITUENCY_TOTAL_DISBURSED,2613,101904,58553516.0,57494662.0,1.0184165618714307,1.8416561871430777,59758739.15901263,58095152.19307466,96258282.0,108417412.0,167644537.0,158365038.0,29754259.78707485,0.0355866355801586,0.0355866355801586
MP_TOTAL_DISBURSED,2613,101904,58553516.0,57494662.0,1.0184165618714307,1.8416561871430777,59758739.15901263,58095152.19307466,96258282.0,108417412.0,167644537.0,158365038.0,29754259.78707485,0.0355866355801586,0.0355866355801586
ACTUAL_MINUS_SANCTION,1303,32327,-440.0,0.0,,,-97571.63622409824,-1268.668213258267,0.0,0.0,0.0,0.0,13874.798959572961,-0.031712171202049784,0.031712171202049784
ACTUAL_TO_RECOMMENDED_RATIO,1297,32204,0.99937,1.0,0.99937,-0.06300000000000194,0.8822573496746623,0.9960729866785303,1.0,1.0,1.0,1.0,0.042804452068778434,-0.014718095187569086,0.014718095187569086
EXPENDITURE_DURATION_DAYS,2574,52410,1.0,0.0,,,55.56099456099456,31.016332760923486,260.3499999999999,208.0,402.80999999999995,341.0,75.62785921178238,0.013222640577458073,0.013222640577458073
ACTUAL_TO_SANCTION_RATIO,1303,32327,0.9994818694601127,1.0,0.9994818694601127,-0.051813053988725155,0.8824130080464765,0.996069528587805,1.0,1.0,1.0,1.0,0.042747004436736,-0.012120861957802582,0.012120861957802582
FLAG,2613,101904,1.0,1.0,1.0,0.0,1.0,1.0051028418904067,1.0,1.0,1.0,1.0,0.07125203656740887,0.0,0.0
UNIQUE_VENDOR_COUNT,2574,52410,1.0,1.0,1.0,0.0,3.5473970473970473,1.0719519175729824,13.0,1.0,21.0,3.0,0.4620677835816913,0.0,0.0
UNIQUE_VENDOR_NAME_COUNT,2574,52410,1.0,1.0,1.0,0.0,3.5264180264180265,1.0713604273993513,13.0,1.0,21.0,3.0,0.4599454011237127,0.0,0.0
PAYMENT_IN_PROGRESS_COUNT,2574,52410,0.0,0.0,,,0.5116550116550117,0.03445907269605037,2.0,0.0,9.0,1.0,0.18292918513313491,0.0,0.0
STATE_AVG_WORK_COST,2613,101904,493070.1158484055,493070.1158484055,1.0,0.0,549587.0781654621,545609.7061191079,966504.9858827186,966504.9858827186,2625000.0,998374.9461921096,235160.51381180386,0.0,0.0
PAYMENT_IN_PROGRESS_RATIO,2574,52410,0.0,0.0,,,0.24404233071779274,0.029600267124594543,1.0,0.0,1.0,1.0,0.16246005756561607,0.0,0.0
PAYMENT_SUCCESS_RATIO,2574,52410,1.0,1.0,1.0,0.0,0.7559576692822072,0.9703997328754056,1.0,1.0,1.0,1.0,0.16246005756561607,0.0,0.0
LAST_PAYMENT_TO_COMPLETION_DAYS,365,1551,0.0,0.0,,,6.701369863013698,9.134107027724049,76.80000000000001,62.0,326.0,190.5,39.02627820839261,0.0,0.0
AVERAGE_RATING,1303,32327,0.0,0.0,,,0.0,0.00024747115414359516,0.0,0.0,0.0,0.0,0.02942982483514972,0.0,0.0
IS_COMPLETED,2613,101904,0.0,0.0,,,0.49866054343666283,0.3172299419061077,1.0,1.0,1.0,1.0,0.46540007667285216,0.0,0.0
HAS_ACTUAL_AMOUNT,2613,101904,0.0,0.0,,,0.49866054343666283,0.3172299419061077,1.0,1.0,1.0,1.0,0.46540007667285216,0.0,0.0
HAS_ACTUAL_END_DATE,2613,101904,0.0,0.0,,,0.14121699196326062,0.01522020725388601,1.0,0.0,1.0,1.0,0.12242834488591557,0.0,0.0
PAYMENTS_PER_VENDOR,2574,52410,1.0,1.0,1.0,0.0,1.6514595611529599,1.2341323902199688,3.333333333333333,2.0,7.269999999999982,3.0,0.539949645415152,0.0,0.0
PEER_COUNT,2613,101904,1.0,1.0,1.0,0.0,1.0,104.02182446223897,1.0,679.0,1.0,2163.0,344.6207562289349,0.0,0.0
CATEGORY_WORK_COUNT,2613,101904,102324.0,102324.0,1.0,0.0,98764.87868350555,100239.04520921652,102324.0,102324.0,102324.0,102324.0,14370.111268383502,0.0,0.0
SANCTION_TO_PEER_MEDIAN,2613,101384,1.0,1.0,1.0,0.0,1.0,20.83450842611619,1.0,1.411764705882353,1.0,3.7593984962406015,4441.481019736597,0.0,0.0
PAYMENT_COUNT_GE_5,2613,101904,0.0,0.0,,,0.33218522770761577,0.00535798398492699,1.0,0.0,1.0,0.0,0.07300224852757645,0.0,0.0
MULTIPLE_VENDORS,2613,101904,0.0,0.0,,,0.42862610026789133,0.020126785994661642,1.0,0.0,1.0,1.0,0.1404346538936131,0.0,0.0
NO_PAYMENT_RECORD,2613,101904,0.0,0.0,,,0.014925373134328358,0.48569241639189825,0.0,1.0,1.0,1.0,0.49979770343199964,0.0,0.0
ACTIVITY_WORK_COUNT,2613,101904,1.0,1.0,1.0,0.0,1.0,571.3447362223269,1.0,3719.0,1.0,4616.0,1300.6497022916535,0.0,0.0
MISSING_FIELD_COUNT,2613,101904,2.0,2.0,1.0,0.0,1.4110218140068886,3.4062843460511854,2.0,6.0,4.0,6.0,2.176033273207848,0.0,0.0
PAYMENT_COUNT_GE_10,2613,101904,0.0,0.0,,,0.20015308075009566,0.0004121526142251531,1.0,0.0,1.0,0.0,0.02029745765703097,0.0,0.0
VENDOR_COUNT_GE_10,2613,101904,0.0,0.0,,,0.11595866819747416,9.813157481551264e-05,1.0,0.0,1.0,0.0,0.009905700778091608,0.0,0.0
VENDOR_COUNT_GE_5,2613,101904,0.0,0.0,,,0.23191733639494833,0.002502355157795572,1.0,0.0,1.0,0.0,0.0499611636299395,0.0,0.0
RECOMMENDATION_YEAR,2613,101904,2025.0,2025.0,1.0,0.0,2024.9445082280904,2025.2269390799183,2026.0,2026.0,2026.0,2026.0,0.6655292082918426,0.0,0.0
COMPLETION_BEFORE_LAST_PAYMENT,2613,101904,0.0,0.0,,,0.059318790662074246,0.0033659130161720835,1.0,0.0,1.0,0.0,0.05791905183202062,0.0,0.0
DATA_COMPLETENESS_RATIO,2613,101904,0.8181818181818181,0.8181818181818181,1.0,0.0,0.8717252896357375,0.6903377867226196,1.0,0.9090909090909092,1.0,1.0,0.19782120665525887,0.0,0.0
SANCTION_YEAR,2613,74690,2025.0,2025.0,1.0,0.0,2025.2407194795255,2025.3220109787121,2026.0,2026.0,2026.0,2026.0,0.5867581743130729,0.0,0.0
SANCTION_ABOVE_2X_PEER_MEDIAN,2613,101904,0.0,0.0,,,0.0,0.021481001727115718,0.0,0.0,0.0,1.0,0.1449819801295091,0.0,0.0
SANCTION_ABOVE_5X_PEER_MEDIAN,2613,101904,0.0,0.0,,,0.0,0.00722248390642173,0.0,0.0,0.0,0.0,0.08467815536966693,0.0,0.0
AVERAGE_PAYMENT_ABOVE_1M,2613,101904,0.0,0.0,,,0.19862227324913892,0.028330585649238498,1.0,0.0,1.0,1.0,0.16591634550249168,0.0,0.0
TOTAL_DISBURSED_ABOVE_5M,2613,101904,0.0,0.0,,,0.04822043628013777,0.0003532736693358455,0.0,0.0,1.0,0.0,0.01879234771362679,0.0,0.0
HOUSE_OF_PARLIAMENT,2613,101904,2.0,2.0,1.0,0.0,2.0,2.0,2.0,2.0,2.0,2.0,0.0,,
ACTUAL_VS_DISBURSED_RATIO,1264,32279,1.0,1.0,1.0,0.0,1.000157269954814,1.0,1.0,1.0,1.0,1.0,0.0,,
RECOMMENDED_TO_SANCTION_DIFFERENCE,2598,101027,0.0,0.0,,,0.0,0.0,0.0,0.0,0.0,0.0,0.0,,
SANCTION_TO_RECOMMENDED_RATIO,2598,101027,1.0,1.0,1.0,0.0,1.0,1.0,1.0,1.0,1.0,1.0,0.0,,
ACTUAL_MINUS_DISBURSED,1264,32279,0.0,0.0,,,52.47626582278481,0.0,0.0,0.0,0.0,0.0,0.0,,
DISBURSED_TO_PEER_MEDIAN,2574,52410,1.0,1.0,1.0,0.0,1.0,1.0,1.0,1.0,1.0,1.0,0.0,,
NEGATIVE_RECOMMENDATION_TO_SANCTION,2613,101904,0.0,0.0,,,0.0,0.0,0.0,0.0,0.0,0.0,0.0,,
NEGATIVE_SANCTION_TO_PAYMENT,2613,101904,0.0,0.0,,,0.0,0.0,0.0,0.0,0.0,0.0,0.0,,
ACTUAL_ABOVE_SANCTION,2613,101904,0.0,0.0,,,0.0,0.0,0.0,0.0,0.0,0.0,0.0,,
DISBURSED_ABOVE_SANCTION,2613,101904,0.0,0.0,,,0.0,0.0,0.0,0.0,0.0,0.0,0.0,,
DISBURSED_MINUS_ACTUAL,1264,32279,0.0,0.0,,,-52.47626582278481,0.0,0.0,0.0,0.0,0.0,0.0,,
DISBURSED_ABOVE_2X_PEER_MEDIAN,2613,101904,0.0,0.0,,,0.0,0.0,0.0,0.0,0.0,0.0,0.0,,
